
CREATE SCHEMA IF NOT EXISTS XYZ;
USE XYZ;

CREATE TABLE DEPARTMENTS(
    DeptID INT PRIMARY KEY,
    DeptName VARCHAR(50) NOT NULL
);

CREATE TABLE EMPLOYEES(
    EmployeeID INT PRIMARY KEY,
    FIRSTNAME VARCHAR(50) NOT NULL,
    LASTNAME VARCHAR(50) NOT NULL,
    EMAIL VARCHAR(50) UNIQUE,
    DeptID INT,
    FOREIGN KEY (DeptID) REFERENCES DEPARTMENTS(DeptID)
);


CREATE TABLE PRODUCTS(
    PRODUCTID INT PRIMARY KEY,
    PRODUCTNAME VARCHAR(50) NOT NULL,
    CATEGORY VARCHAR(50),
    PRICE DECIMAL(10, 2) NOT NULL
);


CREATE TABLE CUSTOMERS (
    CUSTOMER_NUMBER INT PRIMARY KEY,
    CUSTOMER_NAME VARCHAR(50) NOT NULL,
    CUSTOMER_FIRSTNAME VARCHAR(50),
    CUSTOMER_LASTNAME VARCHAR(50),
    PHONE VARCHAR(20),
    CITY VARCHAR(50),
    COUNTRY VARCHAR(50),
    POSTALCODE VARCHAR(10)
);


CREATE TABLE ORDERS(
    ORDERNUMBER INT PRIMARY KEY,
    ORDERDATE DATE,
    ORDER_STATUS VARCHAR(50),
    CUSTOMER_NUMBER INT,
    EmployeeID INT,
    FOREIGN KEY (CUSTOMER_NUMBER) REFERENCES CUSTOMERS(CUSTOMER_NUMBER),
    FOREIGN KEY (EmployeeID) REFERENCES EMPLOYEES(EmployeeID)
);


CREATE TABLE ORDER_DETAILS(
    OrderDetailID INT PRIMARY KEY AUTO_INCREMENT,
    ORDERNUMBER INT,
    PRODUCTID INT,
    QUANTITY INT,
    PRICE_PER_UNIT DECIMAL(10, 2),
    FOREIGN KEY (ORDERNUMBER) REFERENCES ORDERS(ORDERNUMBER),
    FOREIGN KEY (PRODUCTID) REFERENCES PRODUCTS(PRODUCTID)
);


CREATE TABLE PAYMENTS (
    PAYMENT_ID INT PRIMARY KEY AUTO_INCREMENT,
    CUSTOMER_NUMBER INT,
    PAYMENT_DATE DATE,
    AMOUNT DECIMAL(10, 2),
    FOREIGN KEY (CUSTOMER_NUMBER) REFERENCES CUSTOMERS(CUSTOMER_NUMBER)
);



INSERT INTO DEPARTMENTS (DeptID, DeptName) VALUES
(1, 'Sales'),
(2, 'Marketing'),
(3, 'Engineering'),
(4, 'Human Resources');

INSERT INTO EMPLOYEES (EmployeeID, FIRSTNAME, LASTNAME, EMAIL, DeptID) VALUES
(101, 'John', 'Doe', 'john.doe@company.com', 1),
(102, 'Jane', 'Smith', 'jane.smith@company.com', 1),
(103, 'Peter', 'Jones', 'peter.jones@company.com', 2),
(104, 'Mary', 'Williams', 'mary.williams@company.com', 3);

INSERT INTO PRODUCTS (PRODUCTID, PRODUCTNAME, CATEGORY, PRICE) VALUES
(1, 'Laptop', 'Electronics', 1200.00),
(2, 'Mouse', 'Accessories', 25.50),
(3, 'Keyboard', 'Accessories', 75.00),
(4, 'Coffee Maker', 'Appliances', 99.99),
(5, 'Desk Chair', 'Furniture', 150.75);

INSERT INTO CUSTOMERS (CUSTOMER_NUMBER, CUSTOMER_NAME, CUSTOMER_FIRSTNAME, CUSTOMER_LASTNAME, PHONE, CITY, COUNTRY, POSTALCODE) VALUES
(501, 'Tech Solutions Inc.', 'Robert', 'Miller', '555-1234', 'New York', 'USA', '10001'),
(502, 'Global Innovations', 'Lisa', 'Davis', '555-5678', 'London', 'UK', 'SW1A 0AA'),
(503, 'Prime Services', 'Michael', 'Brown', '555-9012', 'Tokyo', 'Japan', '100-0005');

INSERT INTO ORDERS (ORDERNUMBER, ORDERDATE, ORDER_STATUS, CUSTOMER_NUMBER, EmployeeID) VALUES
(1001, '2023-01-15', 'Shipped', 501, 101),
(1002, '2023-01-16', 'Pending', 502, 102),
(1003, '2023-01-17', 'Delivered', 501, 101);

INSERT INTO ORDER_DETAILS (ORDERNUMBER, PRODUCTID, QUANTITY, PRICE_PER_UNIT) VALUES
(1001, 1, 1, 1200.00), -- 1 Laptop
(1002, 2, 2, 25.50),   -- 2 Mice
(1002, 3, 2, 75.00),   -- 2 Keyboards
(1003, 5, 2, 150.75);  -- 2 Desk Chairs

INSERT INTO PAYMENTS (CUSTOMER_NUMBER, PAYMENT_DATE, AMOUNT) VALUES
(501, '2023-01-15', 1200.00),
(502, '2023-01-17', 201.00),
(501, '2023-01-18', 301.50);